name,job,email,phone,country,salary
Sarah Khan,Physiological scientist,patriciamcneil@gmail.com,628.763.1837,Sri Lanka,12440
Randy Bowen,Astronomer,robert84@yahoo.com,+1-801-297-7346x3347,Nepal,10196
Joseph Olson,Telecommunications researcher,nicole09@yahoo.com,+1-989-232-4459x22690,Panama,5911
Christopher Cunningham,"Development worker, community",patrickrivera@gmail.com,998.212.3059x8378,Maldives,6402
David Morris,"Administrator, arts",david83@yahoo.com,(598)286-1463,Australia,8434
William Harvey,"Programmer, systems",rickey51@hotmail.com,(212)240-2234,Russian Federation,6159
Anthony Noble,Curator,aabbott@yahoo.com,(299)784-8268x72146,Madagascar,9695
Dr. Kathleen Marsh,Personnel officer,zimmermanjennifer@yahoo.com,(329)824-0288,Jersey,3818
Meredith Ford,Mental health nurse,brownrachel@yahoo.com,(294)217-0523,Holy See (Vatican City State),12494
Kara Martin,Historic buildings inspector/conservation officer,gerald38@gmail.com,977-751-9625,South Georgia and the South Sandwich Islands,12870
Anthony Maddox,"Designer, jewellery",allisoncoleman@gmail.com,8754005119,Niue,14613
Kurt Hoffman,Industrial/product designer,kimberly13@gmail.com,3465358033,Qatar,8712
Mr. Anthony Rodriguez,Manufacturing engineer,kristinsmith@gmail.com,(942)930-8136x49988,Anguilla,13412
Frank Hamilton,Television camera operator,riveracarly@hotmail.com,232.238.2634,Costa Rica,6467
Rhonda Blevins,Ambulance person,bmckenzie@hotmail.com,+1-785-300-2454x36099,Guinea-Bissau,12261
Edward Cervantes,"Investment banker, operational",dakotasmith@gmail.com,001-317-311-8146x826,United Kingdom,6838
Colton Leonard,Dance movement psychotherapist,annarivera@hotmail.com,244-868-4972x65651,Sweden,12699
Deanna Forbes,Paediatric nurse,martineztaylor@hotmail.com,(886)516-4015x6926,Lithuania,13976
Caroline Anderson,Fisheries officer,claudiaclark@hotmail.com,(460)559-2757x4674,Malawi,5204
John Sanchez,Horticultural consultant,gordon10@yahoo.com,3815205729,Iran,7267
Marie Chang,Hospital pharmacist,vschaefer@gmail.com,+1-617-435-5425x33792,Poland,14088
Robert Barnett,Air cabin crew,orodriguez@yahoo.com,(954)398-4216,Palau,10749
Catherine Myers,Government social research officer,amyjohnson@gmail.com,001-368-594-7623x73609,Croatia,14896
Amanda Baker,Quantity surveyor,julieyork@hotmail.com,582-738-4346,French Guiana,14034
Crystal Chen,Make,derek76@hotmail.com,980.357.8878x71404,Iran,14396
Melvin Mcdaniel,Minerals surveyor,jenniferpitts@hotmail.com,260-244-1502,Comoros,4656
Todd Weber,"Merchandiser, retail",richard81@yahoo.com,001-439-519-1334,North Macedonia,10887
James Marshall,"Scientist, clinical (histocompatibility and immunogenetics)",hprice@hotmail.com,825.917.3242,Argentina,11671
Larry Mills,Structural engineer,aguirredominique@hotmail.com,518-563-6128,Jamaica,9787
Mr. William Butler DDS,"Nurse, mental health",donhardy@yahoo.com,9685712350,Guadeloupe,5282
Kevin Bray,Industrial buyer,justinwells@yahoo.com,306.515.7906,United States Virgin Islands,8326
Ronald Turner,Marine scientist,sierrahowell@gmail.com,001-426-506-7432x13259,Russian Federation,11547
Katie Anderson,Astronomer,gwright@gmail.com,704.741.4299x1526,Latvia,11316
Elizabeth Peterson,Research scientist (life sciences),samanthaharris@hotmail.com,992.855.1360x725,Kyrgyz Republic,7808
David Norton,"Development worker, community",ann41@gmail.com,001-796-863-9535x991,Christmas Island,13184
Krystal Garner,Early years teacher,jonathon10@gmail.com,(782)781-5350,French Guiana,3548
Cheryl Smith,"Engineer, agricultural",adam86@yahoo.com,+1-202-707-6958x60880,Albania,8665
Kelly Johnson,Psychiatric nurse,bradleyrussell@gmail.com,001-742-743-3319,New Zealand,4501
Joseph Garrison,Furniture conservator/restorer,christopher65@yahoo.com,001-713-919-7521x09193,Gibraltar,3812
James Walker,Firefighter,brittany21@gmail.com,218.535.1246,Switzerland,4088
Derrick Martinez,IT technical support officer,paige70@gmail.com,001-474-769-9438,Antigua and Barbuda,14489
Jason Wilson,"Designer, multimedia",mcknightaaron@yahoo.com,+1-517-990-3567x50229,Timor-Leste,12749
Jennifer Collins,"Production designer, theatre/television/film",benjamin03@gmail.com,+1-977-285-5003x5743,Vietnam,12841
Michele Massey,Information officer,dennis19@gmail.com,261-382-8918,Belgium,12904
Daniel Hart,Politician's assistant,rosariomark@hotmail.com,386.633.7789x65763,Monaco,11694
Emily Jefferson,Mental health nurse,melissa96@hotmail.com,(200)684-0229,Christmas Island,8897
Stephanie Morgan,Academic librarian,ellisrobert@gmail.com,+1-270-834-6688x3362,Macao,14740
Cody Fleming,Media buyer,debbiemiranda@gmail.com,001-468-360-8729,Guernsey,7720
Ashley Daniel,"Surveyor, building control",nicholsjon@yahoo.com,705-311-2470x635,Norfolk Island,14188
Rebecca Hall,Clinical psychologist,elambert@gmail.com,706-474-3228x4543,Nauru,11098
Lindsay Baker,"Engineer, maintenance",blakelaura@gmail.com,667-545-2229,Sao Tome and Principe,7779
Kara Young,Police officer,carrjustin@hotmail.com,700-257-1952x41413,Poland,13888
Brian Hunter,Fashion designer,ehinton@hotmail.com,(303)822-3922x624,Malaysia,3210
Morgan Ramirez,Private music teacher,charlesdavis@gmail.com,375-486-3802x372,Botswana,10022
Bradley Williams,Trade mark attorney,hudsonbrenda@yahoo.com,843-872-9640x708,Romania,10703
Jesus Higgins,IT sales professional,tmitchell@hotmail.com,207-231-3232,Cote d'Ivoire,4759
Elizabeth Acosta,Operational researcher,harrisashley@hotmail.com,001-450-721-3779x970,Singapore,12531
Christopher Herrera,Insurance risk surveyor,gordonkevin@hotmail.com,(598)583-8336x18023,Russian Federation,8540
Laura Bryant,Forensic scientist,jacksonjason@yahoo.com,(247)275-7284,Philippines,7316
Michael Fleming,Further education lecturer,skinnerbrett@gmail.com,796-892-5441x5730,Hong Kong,6170
Jeremy Juarez,"Doctor, general practice",cwright@gmail.com,(325)288-6494x5540,Montserrat,5403
Sydney Martin,Homeopath,hharrison@hotmail.com,946.344.3649x103,Cyprus,3881
Ethan Bowman,Clinical research associate,hunter09@hotmail.com,3957549320,Gambia,14402
Mandy Spencer,Careers adviser,lindsaymoran@yahoo.com,+1-674-281-7781x71466,French Southern Territories,8560
Candice Miller,Industrial buyer,tracydonovan@gmail.com,(427)897-5955x89121,Cocos (Keeling) Islands,13395
Gregory Gomez,Media planner,ymitchell@yahoo.com,001-320-876-0857x5741,Saudi Arabia,4652
Renee Webster,Editorial assistant,xdavis@hotmail.com,569-757-4497,Greenland,10052
Shawn Sanchez,Banker,aliciahunter@gmail.com,001-587-763-8225x454,Guernsey,9324
Andrea Erickson,"Designer, graphic",wmcfarland@gmail.com,520.587.7595x893,Niger,14674
David Norris,Public house manager,joshua58@hotmail.com,(851)493-1786x411,Oman,7246
Dr. Karen Singh,Chief Technology Officer,annedavis@gmail.com,805.205.9894,Gibraltar,6668
Adam Carlson,"Engineer, broadcasting (operations)",meredith40@hotmail.com,487-385-9478,Zimbabwe,14693
Darren Carrillo,"Engineer, control and instrumentation",bishopkyle@yahoo.com,001-474-857-9887x480,Bahrain,9311
Allison Burke,Network engineer,christinagallagher@yahoo.com,001-852-745-3337,Saint Pierre and Miquelon,12284
Whitney Adams,Television production assistant,joseph13@hotmail.com,001-982-290-4278,Togo,6709
Erik Collins,Operations geologist,petersonscott@gmail.com,887-818-6149x1851,Cyprus,4285
Laura Stephens,Retail manager,griffinsandra@yahoo.com,001-845-430-9178x1174,Guinea-Bissau,12605
Mario Blackwell,Operational researcher,ycampbell@yahoo.com,+1-759-477-2936x3623,France,10514
Dylan Huang,Risk manager,deborahgibson@yahoo.com,+1-753-747-1356x9530,Croatia,10893
Cindy Murphy,"Biochemist, clinical",steven55@yahoo.com,276.234.9035x87765,Singapore,7213
Tonya Franklin DVM,Water engineer,hannahallen@yahoo.com,3408884046,Ethiopia,13985
Kathryn Jones,Animator,melissamolina@yahoo.com,425-623-8927,Algeria,9745
Christopher Johnson,Historic buildings inspector/conservation officer,david83@yahoo.com,(361)839-0866x7702,Moldova,5130
Anthony Howard,Insurance risk surveyor,omoreno@hotmail.com,381.773.3808x96418,French Southern Territories,11956
Mario Harrison,Fashion designer,nguyenfrank@gmail.com,926.208.5318,Norfolk Island,14522
Eric Burgess,Paramedic,whitakerjulia@yahoo.com,232.875.5243x498,New Zealand,8584
Michael Moore,Chief Executive Officer,hadams@hotmail.com,(848)628-3316,Brunei Darussalam,10211
Wayne Francis,Research scientist (physical sciences),rogersdavid@yahoo.com,(714)718-3862,Micronesia,13636
Christopher Nguyen,Copy,ljones@hotmail.com,001-469-429-1871x735,Iceland,10561
Kristen Turner,Armed forces training and education officer,pmcdonald@hotmail.com,5076704217,French Southern Territories,6978
Kimberly Clark,Management consultant,xreed@gmail.com,557.977.9276,Jamaica,7282
Cindy Espinoza,Translator,connor05@gmail.com,001-858-264-7432x66509,Nigeria,11373
Margaret Martin,Operational researcher,morganmary@yahoo.com,001-815-643-3695x631,Albania,14534
Matthew Wright,Financial trader,nguyendavid@gmail.com,783-312-7033,New Zealand,3849
Phillip Williams,"Surveyor, insurance",lchase@yahoo.com,493-786-7187x0215,Belgium,11633
Alexis Stewart,Multimedia specialist,alee@hotmail.com,001-994-537-8172x14528,Heard Island and McDonald Islands,9705
Lisa Swanson,Optometrist,kimberly04@hotmail.com,+1-783-982-0417x8127,Guernsey,12202
Jonathan Boyd,Environmental education officer,trevor78@gmail.com,884-704-9228x9170,Puerto Rico,14509
Julian Jackson,Special effects artist,ustephens@gmail.com,+1-613-384-3771x66010,Palau,4201
Mary Rosales,Research scientist (medical),richardnichols@hotmail.com,644-570-5028,Vanuatu,3786
